[
  {
    "name": "Afghanistan",
    "code": "AF",
    "code3": "AFG",
    "number": 4,
    "lat": 33,
    "long": 65
  },
  {
    "name": "Albania",
    "code": "AL",
    "code3": "ALB",
    "number": 8,
    "lat": 41,
    "long": 20
  },
  {
    "name": "Algeria",
    "code": "DZ",
    "code3": "DZA",
    "number": 12,
    "lat": 28,
    "long": 3
  },
  {
    "name": "American Samoa",
    "code": "AS",
    "code3": "ASM",
    "number": 16,
    "lat": -14.3333,
    "long": -170
  },
  {
    "name": "Andorra",
    "code": "AD",
    "code3": "AND",
    "number": 20,
    "lat": 42.5,
    "long": 1.6
  },
  {
    "name": "Angola",
    "code": "AO",
    "code3": "AGO",
    "number": 24,
    "lat": -12.5,
    "long": 18.5
  },
  {
    "name": "Anguilla",
    "code": "AI",
    "code3": "AIA",
    "number": 660,
    "lat": 18.25,
    "long": -63.1667
  },
  {
    "name": "Antarctica",
    "code": "AQ",
    "code3": "ATA",
    "number": 10,
    "lat": -90,
    "long": 0
  },
  {
    "name": "Antigua and Barbuda",
    "code": "AG",
    "code3": "ATG",
    "number": 28,
    "lat": 17.05,
    "long": -61.8
  },
  {
    "name": "Argentina",
    "code": "AR",
    "code3": "ARG",
    "number": 32,
    "lat": -34,
    "long": -64
  },
  {
    "name": "Armenia",
    "code": "AM",
    "code3": "ARM",
    "number": 51,
    "lat": 40,
    "long": 45
  },
  {
    "name": "Aruba",
    "code": "AW",
    "code3": "ABW",
    "number": 533,
    "lat": 12.5,
    "long": -69.9667
  },
  {
    "name": "Australia",
    "code": "AU",
    "code3": "AUS",
    "number": 36,
    "lat": -27,
    "long": 133
  },
  {
    "name": "Austria",
    "code": "AT",
    "code3": "AUT",
    "number": 40,
    "lat": 47.3333,
    "long": 13.3333
  },
  {
    "name": "Azerbaijan",
    "code": "AZ",
    "code3": "AZE",
    "number": 31,
    "lat": 40.5,
    "long": 47.5
  },
  {
    "name": "Bahamas",
    "code": "BS",
    "code3": "BHS",
    "number": 44,
    "lat": 24.25,
    "long": -76
  },
  {
    "name": "Bahrain",
    "code": "BH",
    "code3": "BHR",
    "number": 48,
    "lat": 26,
    "long": 50.55
  },
  {
    "name": "Bangladesh",
    "code": "BD",
    "code3": "BGD",
    "number": 50,
    "lat": 24,
    "long": 90
  },
  {
    "name": "Barbados",
    "code": "BB",
    "code3": "BRB",
    "number": 52,
    "lat": 13.1667,
    "long": -59.5333
  },
  {
    "name": "Belarus",
    "code": "BY",
    "code3": "BLR",
    "number": 112,
    "lat": 53,
    "long": 28
  },
  {
    "name": "Belgium",
    "code": "BE",
    "code3": "BEL",
    "number": 56,
    "lat": 50.8333,
    "long": 4
  },
  {
    "name": "Belize",
    "code": "BZ",
    "code3": "BLZ",
    "number": 84,
    "lat": 17.25,
    "long": -88.75
  },
  {
    "name": "Benin",
    "code": "BJ",
    "code3": "BEN",
    "number": 204,
    "lat": 9.5,
    "long": 2.25
  },
  {
    "name": "Bermuda",
    "code": "BM",
    "code3": "BMU",
    "number": 60,
    "lat": 32.3333,
    "long": -64.75
  },
  {
    "name": "Bhutan",
    "code": "BT",
    "code3": "BTN",
    "number": 64,
    "lat": 27.5,
    "long": 90.5
  },
  {
    "name": "Bolivia, Plurinational State of",
    "code": "BO",
    "code3": "BOL",
    "number": 68,
    "lat": -17,
    "long": -65
  },
  {
    "name": "Bolivia",
    "code": "BO",
    "code3": "BOL",
    "number": 68,
    "lat": -17,
    "long": -65
  },
  {
    "name": "Bosnia and Herzegovina",
    "code": "BA",
    "code3": "BIH",
    "number": 70,
    "lat": 44,
    "long": 18
  },
  {
    "name": "Botswana",
    "code": "BW",
    "code3": "BWA",
    "number": 72,
    "lat": -22,
    "long": 24
  },
  {
    "name": "Bouvet Island",
    "code": "BV",
    "code3": "BVT",
    "number": 74,
    "lat": -54.4333,
    "long": 3.4
  },
  {
    "name": "Brazil",
    "code": "BR",
    "code3": "BRA",
    "number": 76,
    "lat": -10,
    "long": -55
  },
  {
    "name": "British Indian Ocean Territory",
    "code": "IO",
    "code3": "IOT",
    "number": 86,
    "lat": -6,
    "long": 71.5
  },
  {
    "name": "Brunei Darussalam",
    "code": "BN",
    "code3": "BRN",
    "number": 96,
    "lat": 4.5,
    "long": 114.6667
  },
  {
    "name": "Brunei",
    "code": "BN",
    "code3": "BRN",
    "number": 96,
    "lat": 4.5,
    "long": 114.6667
  },
  {
    "name": "Bulgaria",
    "code": "BG",
    "code3": "BGR",
    "number": 100,
    "lat": 43,
    "long": 25
  },
  {
    "name": "Burkina Faso",
    "code": "BF",
    "code3": "BFA",
    "number": 854,
    "lat": 13,
    "long": -2
  },
  {
    "name": "Burundi",
    "code": "BI",
    "code3": "BDI",
    "number": 108,
    "lat": -3.5,
    "long": 30
  },
  {
    "name": "Cambodia",
    "code": "KH",
    "code3": "KHM",
    "number": 116,
    "lat": 13,
    "long": 105
  },
  {
    "name": "Cameroon",
    "code": "CM",
    "code3": "CMR",
    "number": 120,
    "lat": 6,
    "long": 12
  },
  {
    "name": "Canada",
    "code": "CA",
    "code3": "CAN",
    "number": 124,
    "lat": 60,
    "long": -95
  },
  {
    "name": "Cape Verde",
    "code": "CV",
    "code3": "CPV",
    "number": 132,
    "lat": 16,
    "long": -24
  },
  {
    "name": "Cayman Islands",
    "code": "KY",
    "code3": "CYM",
    "number": 136,
    "lat": 19.5,
    "long": -80.5
  },
  {
    "name": "Central African Republic",
    "code": "CF",
    "code3": "CAF",
    "number": 140,
    "lat": 7,
    "long": 21
  },
  {
    "name": "Chad",
    "code": "TD",
    "code3": "TCD",
    "number": 148,
    "lat": 15,
    "long": 19
  },
  {
    "name": "Chile",
    "code": "CL",
    "code3": "CHL",
    "number": 152,
    "lat": -30,
    "long": -71
  },
  {
    "name": "China",
    "code": "CN",
    "code3": "CHN",
    "number": 156,
    "lat": 35,
    "long": 105
  },
  {
    "name": "Christmas Island",
    "code": "CX",
    "code3": "CXR",
    "number": 162,
    "lat": -10.5,
    "long": 105.6667
  },
  {
    "name": "Cocos (Keeling) Islands",
    "code": "CC",
    "code3": "CCK",
    "number": 166,
    "lat": -12.5,
    "long": 96.8333
  },
  {
    "name": "Colombia",
    "code": "CO",
    "code3": "COL",
    "number": 170,
    "lat": 4,
    "long": -72
  },
  {
    "name": "Comoros",
    "code": "KM",
    "code3": "COM",
    "number": 174,
    "lat": -12.1667,
    "long": 44.25
  },
  {
    "name": "Congo",
    "code": "CG",
    "code3": "COG",
    "number": 178,
    "lat": -1,
    "long": 15
  },
  {
    "name": "Congo, the Democratic Republic of the",
    "code": "CD",
    "code3": "COD",
    "number": 180,
    "lat": 0,
    "long": 25
  },
  {
    "name": "Cook Islands",
    "code": "CK",
    "code3": "COK",
    "number": 184,
    "lat": -21.2333,
    "long": -159.7667
  },
  {
    "name": "Costa Rica",
    "code": "CR",
    "code3": "CRI",
    "number": 188,
    "lat": 10,
    "long": -84
  },
  {
    "name": "Côte d'Ivoire",
    "code": "CI",
    "code3": "CIV",
    "number": 384,
    "lat": 8,
    "long": -5
  },
  {
    "name": "Ivory Coast",
    "code": "CI",
    "code3": "CIV",
    "number": 384,
    "lat": 8,
    "long": -5
  },
  {
    "name": "Croatia",
    "code": "HR",
    "code3": "HRV",
    "number": 191,
    "lat": 45.1667,
    "long": 15.5
  },
  {
    "name": "Cuba",
    "code": "CU",
    "code3": "CUB",
    "number": 192,
    "lat": 21.5,
    "long": -80
  },
  {
    "name": "Cyprus",
    "code": "CY",
    "code3": "CYP",
    "number": 196,
    "lat": 35,
    "long": 33
  },
  {
    "name": "Czech Republic",
    "code": "CZ",
    "code3": "CZE",
    "number": 203,
    "lat": 49.75,
    "long": 15.5
  },
  {
    "name": "Denmark",
    "code": "DK",
    "code3": "DNK",
    "number": 208,
    "lat": 56,
    "long": 10
  },
  {
    "name": "Djibouti",
    "code": "DJ",
    "code3": "DJI",
    "number": 262,
    "lat": 11.5,
    "long": 43
  },
  {
    "name": "Dominica",
    "code": "DM",
    "code3": "DMA",
    "number": 212,
    "lat": 15.4167,
    "long": -61.3333
  },
  {
    "name": "Dominican Republic",
    "code": "DO",
    "code3": "DOM",
    "number": 214,
    "lat": 19,
    "long": -70.6667
  },
  {
    "name": "Ecuador",
    "code": "EC",
    "code3": "ECU",
    "number": 218,
    "lat": -2,
    "long": -77.5
  },
  {
    "name": "Egypt",
    "code": "EG",
    "code3": "EGY",
    "number": 818,
    "lat": 27,
    "long": 30
  },
  {
    "name": "El Salvador",
    "code": "SV",
    "code3": "SLV",
    "number": 222,
    "lat": 13.8333,
    "long": -88.9167
  },
  {
    "name": "Equatorial Guinea",
    "code": "GQ",
    "code3": "GNQ",
    "number": 226,
    "lat": 2,
    "long": 10
  },
  {
    "name": "Eritrea",
    "code": "ER",
    "code3": "ERI",
    "number": 232,
    "lat": 15,
    "long": 39
  },
  {
    "name": "Estonia",
    "code": "EE",
    "code3": "EST",
    "number": 233,
    "lat": 59,
    "long": 26
  },
  {
    "name": "Ethiopia",
    "code": "ET",
    "code3": "ETH",
    "number": 231,
    "lat": 8,
    "long": 38
  },
  {
    "name": "Falkland Islands (Malvinas)",
    "code": "FK",
    "code3": "FLK",
    "number": 238,
    "lat": -51.75,
    "long": -59
  },
  {
    "name": "Faroe Islands",
    "code": "FO",
    "code3": "FRO",
    "number": 234,
    "lat": 62,
    "long": -7
  },
  {
    "name": "Fiji",
    "code": "FJ",
    "code3": "FJI",
    "number": 242,
    "lat": -18,
    "long": 175
  },
  {
    "name": "Finland",
    "code": "FI",
    "code3": "FIN",
    "number": 246,
    "lat": 64,
    "long": 26
  },
  {
    "name": "France",
    "code": "FR",
    "code3": "FRA",
    "number": 250,
    "lat": 46,
    "long": 2
  },
  {
    "name": "French Guiana",
    "code": "GF",
    "code3": "GUF",
    "number": 254,
    "lat": 4,
    "long": -53
  },
  {
    "name": "French Polynesia",
    "code": "PF",
    "code3": "PYF",
    "number": 258,
    "lat": -15,
    "long": -140
  },
  {
    "name": "French Southern Territories",
    "code": "TF",
    "code3": "ATF",
    "number": 260,
    "lat": -43,
    "long": 67
  },
  {
    "name": "Gabon",
    "code": "GA",
    "code3": "GAB",
    "number": 266,
    "lat": -1,
    "long": 11.75
  },
  {
    "name": "Gambia",
    "code": "GM",
    "code3": "GMB",
    "number": 270,
    "lat": 13.4667,
    "long": -16.5667
  },
  {
    "name": "Georgia",
    "code": "GE",
    "code3": "GEO",
    "number": 268,
    "lat": 42,
    "long": 43.5
  },
  {
    "name": "Germany",
    "code": "DE",
    "code3": "DEU",
    "number": 276,
    "lat": 51,
    "long": 9
  },
  {
    "name": "Ghana",
    "code": "GH",
    "code3": "GHA",
    "number": 288,
    "lat": 8,
    "long": -2
  },
  {
    "name": "Gibraltar",
    "code": "GI",
    "code3": "GIB",
    "number": 292,
    "lat": 36.1833,
    "long": -5.3667
  },
  {
    "name": "Greece",
    "code": "GR",
    "code3": "GRC",
    "number": 300,
    "lat": 39,
    "long": 22
  },
  {
    "name": "Greenland",
    "code": "GL",
    "code3": "GRL",
    "number": 304,
    "lat": 72,
    "long": -40
  },
  {
    "name": "Grenada",
    "code": "GD",
    "code3": "GRD",
    "number": 308,
    "lat": 12.1167,
    "long": -61.6667
  },
  {
    "name": "Guadeloupe",
    "code": "GP",
    "code3": "GLP",
    "number": 312,
    "lat": 16.25,
    "long": -61.5833
  },
  {
    "name": "Guam",
    "code": "GU",
    "code3": "GUM",
    "number": 316,
    "lat": 13.4667,
    "long": 144.7833
  },
  {
    "name": "Guatemala",
    "code": "GT",
    "code3": "GTM",
    "number": 320,
    "lat": 15.5,
    "long": -90.25
  },
  {
    "name": "Guernsey",
    "code": "GG",
    "code3": "GGY",
    "number": 831,
    "lat": 49.5,
    "long": -2.56
  },
  {
    "name": "Guinea",
    "code": "GN",
    "code3": "GIN",
    "number": 324,
    "lat": 11,
    "long": -10
  },
  {
    "name": "Guinea-Bissau",
    "code": "GW",
    "code3": "GNB",
    "number": 624,
    "lat": 12,
    "long": -15
  },
  {
    "name": "Guyana",
    "code": "GY",
    "code3": "GUY",
    "number": 328,
    "lat": 5,
    "long": -59
  },
  {
    "name": "Haiti",
    "code": "HT",
    "code3": "HTI",
    "number": 332,
    "lat": 19,
    "long": -72.4167
  },
  {
    "name": "Heard Island and McDonald Islands",
    "code": "HM",
    "code3": "HMD",
    "number": 334,
    "lat": -53.1,
    "long": 72.5167
  },
  {
    "name": "Holy See (Vatican City State)",
    "code": "VA",
    "code3": "VAT",
    "number": 336,
    "lat": 41.9,
    "long": 12.45
  },
  {
    "name": "Honduras",
    "code": "HN",
    "code3": "HND",
    "number": 340,
    "lat": 15,
    "long": -86.5
  },
  {
    "name": "Hong Kong",
    "code": "HK",
    "code3": "HKG",
    "number": 344,
    "lat": 22.25,
    "long": 114.1667
  },
  {
    "name": "Hungary",
    "code": "HU",
    "code3": "HUN",
    "number": 348,
    "lat": 47,
    "long": 20
  },
  {
    "name": "Iceland",
    "code": "IS",
    "code3": "ISL",
    "number": 352,
    "lat": 65,
    "long": -18
  },
  {
    "name": "India",
    "code": "IN",
    "code3": "IND",
    "number": 356,
    "lat": 20,
    "long": 77
  },
  {
    "name": "Indonesia",
    "code": "ID",
    "code3": "IDN",
    "number": 360,
    "lat": -5,
    "long": 120
  },
  {
    "name": "Iran, Islamic Republic of",
    "code": "IR",
    "code3": "IRN",
    "number": 364,
    "lat": 32,
    "long": 53
  },
  {
    "name": "Iraq",
    "code": "IQ",
    "code3": "IRQ",
    "number": 368,
    "lat": 33,
    "long": 44
  },
  {
    "name": "Ireland",
    "code": "IE",
    "code3": "IRL",
    "number": 372,
    "lat": 53,
    "long": -8
  },
  {
    "name": "Isle of Man",
    "code": "IM",
    "code3": "IMN",
    "number": 833,
    "lat": 54.23,
    "long": -4.55
  },
  {
    "name": "Israel",
    "code": "IL",
    "code3": "ISR",
    "number": 376,
    "lat": 31.5,
    "long": 34.75
  },
  {
    "name": "Italy",
    "code": "IT",
    "code3": "ITA",
    "number": 380,
    "lat": 42.8333,
    "long": 12.8333
  },
  {
    "name": "Jamaica",
    "code": "JM",
    "code3": "JAM",
    "number": 388,
    "lat": 18.25,
    "long": -77.5
  },
  {
    "name": "Japan",
    "code": "JP",
    "code3": "JPN",
    "number": 392,
    "lat": 36,
    "long": 138
  },
  {
    "name": "Jersey",
    "code": "JE",
    "code3": "JEY",
    "number": 832,
    "lat": 49.21,
    "long": -2.13
  },
  {
    "name": "Jordan",
    "code": "JO",
    "code3": "JOR",
    "number": 400,
    "lat": 31,
    "long": 36
  },
  {
    "name": "Kazakhstan",
    "code": "KZ",
    "code3": "KAZ",
    "number": 398,
    "lat": 48,
    "long": 68
  },
  {
    "name": "Kenya",
    "code": "KE",
    "code3": "KEN",
    "number": 404,
    "lat": 1,
    "long": 38
  },
  {
    "name": "Kiribati",
    "code": "KI",
    "code3": "KIR",
    "number": 296,
    "lat": 1.4167,
    "long": 173
  },
  {
    "name": "Korea, Democratic People's Republic of",
    "code": "KP",
    "code3": "PRK",
    "number": 408,
    "lat": 40,
    "long": 127
  },
  {
    "name": "Korea, Republic of",
    "code": "KR",
    "code3": "KOR",
    "number": 410,
    "lat": 37,
    "long": 127.5
  },
  {
    "name": "South Korea",
    "code": "KR",
    "code3": "KOR",
    "number": 410,
    "lat": 37,
    "long": 127.5
  },
  {
    "name": "Kuwait",
    "code": "KW",
    "code3": "KWT",
    "number": 414,
    "lat": 29.3375,
    "long": 47.6581
  },
  {
    "name": "Kyrgyzstan",
    "code": "KG",
    "code3": "KGZ",
    "number": 417,
    "lat": 41,
    "long": 75
  },
  {
    "name": "Lao People's Democratic Republic",
    "code": "LA",
    "code3": "LAO",
    "number": 418,
    "lat": 18,
    "long": 105
  },
  {
    "name": "Latvia",
    "code": "LV",
    "code3": "LVA",
    "number": 428,
    "lat": 57,
    "long": 25
  },
  {
    "name": "Lebanon",
    "code": "LB",
    "code3": "LBN",
    "number": 422,
    "lat": 33.8333,
    "long": 35.8333
  },
  {
    "name": "Lesotho",
    "code": "LS",
    "code3": "LSO",
    "number": 426,
    "lat": -29.5,
    "long": 28.5
  },
  {
    "name": "Liberia",
    "code": "LR",
    "code3": "LBR",
    "number": 430,
    "lat": 6.5,
    "long": -9.5
  },
  {
    "name": "Libyan Arab Jamahiriya",
    "code": "LY",
    "code3": "LBY",
    "number": 434,
    "lat": 25,
    "long": 17
  },
  {
    "name": "Libya",
    "code": "LY",
    "code3": "LBY",
    "number": 434,
    "lat": 25,
    "long": 17
  },
  {
    "name": "Liechtenstein",
    "code": "LI",
    "code3": "LIE",
    "number": 438,
    "lat": 47.1667,
    "long": 9.5333
  },
  {
    "name": "Lithuania",
    "code": "LT",
    "code3": "LTU",
    "number": 440,
    "lat": 56,
    "long": 24
  },
  {
    "name": "Luxembourg",
    "code": "LU",
    "code3": "LUX",
    "number": 442,
    "lat": 49.75,
    "long": 6.1667
  },
  {
    "name": "Macao",
    "code": "MO",
    "code3": "MAC",
    "number": 446,
    "lat": 22.1667,
    "long": 113.55
  },
  {
    "name": "Macedonia, the former Yugoslav Republic of",
    "code": "MK",
    "code3": "MKD",
    "number": 807,
    "lat": 41.8333,
    "long": 22
  },
  {
    "name": "Madagascar",
    "code": "MG",
    "code3": "MDG",
    "number": 450,
    "lat": -20,
    "long": 47
  },
  {
    "name": "Malawi",
    "code": "MW",
    "code3": "MWI",
    "number": 454,
    "lat": -13.5,
    "long": 34
  },
  {
    "name": "Malaysia",
    "code": "MY",
    "code3": "MYS",
    "number": 458,
    "lat": 2.5,
    "long": 112.5
  },
  {
    "name": "Maldives",
    "code": "MV",
    "code3": "MDV",
    "number": 462,
    "lat": 3.25,
    "long": 73
  },
  {
    "name": "Mali",
    "code": "ML",
    "code3": "MLI",
    "number": 466,
    "lat": 17,
    "long": -4
  },
  {
    "name": "Malta",
    "code": "MT",
    "code3": "MLT",
    "number": 470,
    "lat": 35.8333,
    "long": 14.5833
  },
  {
    "name": "Marshall Islands",
    "code": "MH",
    "code3": "MHL",
    "number": 584,
    "lat": 9,
    "long": 168
  },
  {
    "name": "Martinique",
    "code": "MQ",
    "code3": "MTQ",
    "number": 474,
    "lat": 14.6667,
    "long": -61
  },
  {
    "name": "Mauritania",
    "code": "MR",
    "code3": "MRT",
    "number": 478,
    "lat": 20,
    "long": -12
  },
  {
    "name": "Mauritius",
    "code": "MU",
    "code3": "MUS",
    "number": 480,
    "lat": -20.2833,
    "long": 57.55
  },
  {
    "name": "Mayotte",
    "code": "YT",
    "code3": "MYT",
    "number": 175,
    "lat": -12.8333,
    "long": 45.1667
  },
  {
    "name": "Mexico",
    "code": "MX",
    "code3": "MEX",
    "number": 484,
    "lat": 23,
    "long": -102
  },
  {
    "name": "Micronesia, Federated States of",
    "code": "FM",
    "code3": "FSM",
    "number": 583,
    "lat": 6.9167,
    "long": 158.25
  },
  {
    "name": "Moldova, Republic of",
    "code": "MD",
    "code3": "MDA",
    "number": 498,
    "lat": 47,
    "long": 29
  },
  {
    "name": "Monaco",
    "code": "MC",
    "code3": "MCO",
    "number": 492,
    "lat": 43.7333,
    "long": 7.4
  },
  {
    "name": "Mongolia",
    "code": "MN",
    "code3": "MNG",
    "number": 496,
    "lat": 46,
    "long": 105
  },
  {
    "name": "Montenegro",
    "code": "ME",
    "code3": "MNE",
    "number": 499,
    "lat": 42,
    "long": 19
  },
  {
    "name": "Montserrat",
    "code": "MS",
    "code3": "MSR",
    "number": 500,
    "lat": 16.75,
    "long": -62.2
  },
  {
    "name": "Morocco",
    "code": "MA",
    "code3": "MAR",
    "number": 504,
    "lat": 32,
    "long": -5
  },
  {
    "name": "Mozambique",
    "code": "MZ",
    "code3": "MOZ",
    "number": 508,
    "lat": -18.25,
    "long": 35
  },
  {
    "name": "Myanmar",
    "code": "MM",
    "code3": "MMR",
    "number": 104,
    "lat": 22,
    "long": 98
  },
  {
    "name": "Burma",
    "code": "MM",
    "code3": "MMR",
    "number": 104,
    "lat": 22,
    "long": 98
  },
  {
    "name": "Namibia",
    "code": "NA",
    "code3": "NAM",
    "number": 516,
    "lat": -22,
    "long": 17
  },
  {
    "name": "Nauru",
    "code": "NR",
    "code3": "NRU",
    "number": 520,
    "lat": -0.5333,
    "long": 166.9167
  },
  {
    "name": "Nepal",
    "code": "NP",
    "code3": "NPL",
    "number": 524,
    "lat": 28,
    "long": 84
  },
  {
    "name": "Netherlands",
    "code": "NL",
    "code3": "NLD",
    "number": 528,
    "lat": 52.5,
    "long": 5.75
  },
  {
    "name": "Netherlands Antilles",
    "code": "AN",
    "code3": "ANT",
    "number": 530,
    "lat": 12.25,
    "long": -68.75
  },
  {
    "name": "New Caledonia",
    "code": "NC",
    "code3": "NCL",
    "number": 540,
    "lat": -21.5,
    "long": 165.5
  },
  {
    "name": "New Zealand",
    "code": "NZ",
    "code3": "NZL",
    "number": 554,
    "lat": -41,
    "long": 174
  },
  {
    "name": "Nicaragua",
    "code": "NI",
    "code3": "NIC",
    "number": 558,
    "lat": 13,
    "long": -85
  },
  {
    "name": "Niger",
    "code": "NE",
    "code3": "NER",
    "number": 562,
    "lat": 16,
    "long": 8
  },
  {
    "name": "Nigeria",
    "code": "NG",
    "code3": "NGA",
    "number": 566,
    "lat": 10,
    "long": 8
  },
  {
    "name": "Niue",
    "code": "NU",
    "code3": "NIU",
    "number": 570,
    "lat": -19.0333,
    "long": -169.8667
  },
  {
    "name": "Norfolk Island",
    "code": "NF",
    "code3": "NFK",
    "number": 574,
    "lat": -29.0333,
    "long": 167.95
  },
  {
    "name": "Northern Mariana Islands",
    "code": "MP",
    "code3": "MNP",
    "number": 580,
    "lat": 15.2,
    "long": 145.75
  },
  {
    "name": "Norway",
    "code": "NO",
    "code3": "NOR",
    "number": 578,
    "lat": 62,
    "long": 10
  },
  {
    "name": "Oman",
    "code": "OM",
    "code3": "OMN",
    "number": 512,
    "lat": 21,
    "long": 57
  },
  {
    "name": "Pakistan",
    "code": "PK",
    "code3": "PAK",
    "number": 586,
    "lat": 30,
    "long": 70
  },
  {
    "name": "Palau",
    "code": "PW",
    "code3": "PLW",
    "number": 585,
    "lat": 7.5,
    "long": 134.5
  },
  {
    "name": "Palestinian Territory, Occupied",
    "code": "PS",
    "code3": "PSE",
    "number": 275,
    "lat": 32,
    "long": 35.25
  },
  {
    "name": "Panama",
    "code": "PA",
    "code3": "PAN",
    "number": 591,
    "lat": 9,
    "long": -80
  },
  {
    "name": "Papua New Guinea",
    "code": "PG",
    "code3": "PNG",
    "number": 598,
    "lat": -6,
    "long": 147
  },
  {
    "name": "Paraguay",
    "code": "PY",
    "code3": "PRY",
    "number": 600,
    "lat": -23,
    "long": -58
  },
  {
    "name": "Peru",
    "code": "PE",
    "code3": "PER",
    "number": 604,
    "lat": -10,
    "long": -76
  },
  {
    "name": "Philippines",
    "code": "PH",
    "code3": "PHL",
    "number": 608,
    "lat": 13,
    "long": 122
  },
  {
    "name": "Pitcairn",
    "code": "PN",
    "code3": "PCN",
    "number": 612,
    "lat": -24.7,
    "long": -127.4
  },
  {
    "name": "Poland",
    "code": "PL",
    "code3": "POL",
    "number": 616,
    "lat": 52,
    "long": 20
  },
  {
    "name": "Portugal",
    "code": "PT",
    "code3": "PRT",
    "number": 620,
    "lat": 39.5,
    "long": -8
  },
  {
    "name": "Puerto Rico",
    "code": "PR",
    "code3": "PRI",
    "number": 630,
    "lat": 18.25,
    "long": -66.5
  },
  {
    "name": "Qatar",
    "code": "QA",
    "code3": "QAT",
    "number": 634,
    "lat": 25.5,
    "long": 51.25
  },
  {
    "name": "Réunion",
    "code": "RE",
    "code3": "REU",
    "number": 638,
    "lat": -21.1,
    "long": 55.6
  },
  {
    "name": "Romania",
    "code": "RO",
    "code3": "ROU",
    "number": 642,
    "lat": 46,
    "long": 25
  },
  {
    "name": "Russian Federation",
    "code": "RU",
    "code3": "RUS",
    "number": 643,
    "lat": 60,
    "long": 100
  },
  {
    "name": "Rwanda",
    "code": "RW",
    "code3": "RWA",
    "number": 646,
    "lat": -2,
    "long": 30
  },
  {
    "name": "Saint Helena, Ascension and Tristan da Cunha",
    "code": "SH",
    "code3": "SHN",
    "number": 654,
    "lat": -15.9333,
    "long": -5.7
  },
  {
    "name": "Saint Kitts and Nevis",
    "code": "KN",
    "code3": "KNA",
    "number": 659,
    "lat": 17.3333,
    "long": -62.75
  },
  {
    "name": "Saint Lucia",
    "code": "LC",
    "code3": "LCA",
    "number": 662,
    "lat": 13.8833,
    "long": -61.1333
  },
  {
    "name": "Saint Pierre and Miquelon",
    "code": "PM",
    "code3": "SPM",
    "number": 666,
    "lat": 46.8333,
    "long": -56.3333
  },
  {
    "name": "Saint Vincent and the Grenadines",
    "code": "VC",
    "code3": "VCT",
    "number": 670,
    "lat": 13.25,
    "long": -61.2
  },
  {
    "name": "Saint Vincent & the Grenadines",
    "code": "VC",
    "code3": "VCT",
    "number": 670,
    "lat": 13.25,
    "long": -61.2
  },
  {
    "name": "St. Vincent and the Grenadines",
    "code": "VC",
    "code3": "VCT",
    "number": 670,
    "lat": 13.25,
    "long": -61.2
  },
  {
    "name": "Samoa",
    "code": "WS",
    "code3": "WSM",
    "number": 882,
    "lat": -13.5833,
    "long": -172.3333
  },
  {
    "name": "San Marino",
    "code": "SM",
    "code3": "SMR",
    "number": 674,
    "lat": 43.7667,
    "long": 12.4167
  },
  {
    "name": "Sao Tome and Principe",
    "code": "ST",
    "code3": "STP",
    "number": 678,
    "lat": 1,
    "long": 7
  },
  {
    "name": "Saudi Arabia",
    "code": "SA",
    "code3": "SAU",
    "number": 682,
    "lat": 25,
    "long": 45
  },
  {
    "name": "Senegal",
    "code": "SN",
    "code3": "SEN",
    "number": 686,
    "lat": 14,
    "long": -14
  },
  {
    "name": "Serbia",
    "code": "RS",
    "code3": "SRB",
    "number": 688,
    "lat": 44,
    "long": 21
  },
  {
    "name": "Seychelles",
    "code": "SC",
    "code3": "SYC",
    "number": 690,
    "lat": -4.5833,
    "long": 55.6667
  },
  {
    "name": "Sierra Leone",
    "code": "SL",
    "code3": "SLE",
    "number": 694,
    "lat": 8.5,
    "long": -11.5
  },
  {
    "name": "Singapore",
    "code": "SG",
    "code3": "SGP",
    "number": 702,
    "lat": 1.3667,
    "long": 103.8
  },
  {
    "name": "Slovakia",
    "code": "SK",
    "code3": "SVK",
    "number": 703,
    "lat": 48.6667,
    "long": 19.5
  },
  {
    "name": "Slovenia",
    "code": "SI",
    "code3": "SVN",
    "number": 705,
    "lat": 46,
    "long": 15
  },
  {
    "name": "Solomon Islands",
    "code": "SB",
    "code3": "SLB",
    "number": 90,
    "lat": -8,
    "long": 159
  },
  {
    "name": "Somalia",
    "code": "SO",
    "code3": "SOM",
    "number": 706,
    "lat": 10,
    "long": 49
  },
  {
    "name": "South Africa",
    "code": "ZA",
    "code3": "ZAF",
    "number": 710,
    "lat": -29,
    "long": 24
  },
  {
    "name": "South Georgia and the South Sandwich Islands",
    "code": "GS",
    "code3": "SGS",
    "number": 239,
    "lat": -54.5,
    "long": -37
  },
  {
    "name": "South Sudan",
    "code": "SS",
    "code3": "SSD",
    "number": 728,
    "lat": 8,
    "long": 30
  },
  {
    "name": "Spain",
    "code": "ES",
    "code3": "ESP",
    "number": 724,
    "lat": 40,
    "long": -4
  },
  {
    "name": "Sri Lanka",
    "code": "LK",
    "code3": "LKA",
    "number": 144,
    "lat": 7,
    "long": 81
  },
  {
    "name": "Sudan",
    "code": "SD",
    "code3": "SDN",
    "number": 736,
    "lat": 15,
    "long": 30
  },
  {
    "name": "Suriname",
    "code": "SR",
    "code3": "SUR",
    "number": 740,
    "lat": 4,
    "long": -56
  },
  {
    "name": "Svalbard and Jan Mayen",
    "code": "SJ",
    "code3": "SJM",
    "number": 744,
    "lat": 78,
    "long": 20
  },
  {
    "name": "Swaziland",
    "code": "SZ",
    "code3": "SWZ",
    "number": 748,
    "lat": -26.5,
    "long": 31.5
  },
  {
    "name": "Sweden",
    "code": "SE",
    "code3": "SWE",
    "number": 752,
    "lat": 62,
    "long": 15
  },
  {
    "name": "Switzerland",
    "code": "CH",
    "code3": "CHE",
    "number": 756,
    "lat": 47,
    "long": 8
  },
  {
    "name": "Syrian Arab Republic",
    "code": "SY",
    "code3": "SYR",
    "number": 760,
    "lat": 35,
    "long": 38
  },
  {
    "name": "Taiwan, Province of China",
    "code": "TW",
    "code3": "TWN",
    "number": 158,
    "lat": 23.5,
    "long": 121
  },
  {
    "name": "Taiwan",
    "code": "TW",
    "code3": "TWN",
    "number": 158,
    "lat": 23.5,
    "long": 121
  },
  {
    "name": "Tajikistan",
    "code": "TJ",
    "code3": "TJK",
    "number": 762,
    "lat": 39,
    "long": 71
  },
  {
    "name": "Tanzania, United Republic of",
    "code": "TZ",
    "code3": "TZA",
    "number": 834,
    "lat": -6,
    "long": 35
  },
  {
    "name": "Thailand",
    "code": "TH",
    "code3": "THA",
    "number": 764,
    "lat": 15,
    "long": 100
  },
  {
    "name": "Timor-Leste",
    "code": "TL",
    "code3": "TLS",
    "number": 626,
    "lat": -8.55,
    "long": 125.5167
  },
  {
    "name": "Togo",
    "code": "TG",
    "code3": "TGO",
    "number": 768,
    "lat": 8,
    "long": 1.1667
  },
  {
    "name": "Tokelau",
    "code": "TK",
    "code3": "TKL",
    "number": 772,
    "lat": -9,
    "long": -172
  },
  {
    "name": "Tonga",
    "code": "TO",
    "code3": "TON",
    "number": 776,
    "lat": -20,
    "long": -175
  },
  {
    "name": "Trinidad and Tobago",
    "code": "TT",
    "code3": "TTO",
    "number": 780,
    "lat": 11,
    "long": -61
  },
  {
    "name": "Tunisia",
    "code": "TN",
    "code3": "TUN",
    "number": 788,
    "lat": 34,
    "long": 9
  },
  {
    "name": "Turkey",
    "code": "TR",
    "code3": "TUR",
    "number": 792,
    "lat": 39,
    "long": 35
  },
  {
    "name": "Turkmenistan",
    "code": "TM",
    "code3": "TKM",
    "number": 795,
    "lat": 40,
    "long": 60
  },
  {
    "name": "Turks and Caicos Islands",
    "code": "TC",
    "code3": "TCA",
    "number": 796,
    "lat": 21.75,
    "long": -71.5833
  },
  {
    "name": "Tuvalu",
    "code": "TV",
    "code3": "TUV",
    "number": 798,
    "lat": -8,
    "long": 178
  },
  {
    "name": "Uganda",
    "code": "UG",
    "code3": "UGA",
    "number": 800,
    "lat": 1,
    "long": 32
  },
  {
    "name": "Ukraine",
    "code": "UA",
    "code3": "UKR",
    "number": 804,
    "lat": 49,
    "long": 32
  },
  {
    "name": "United Arab Emirates",
    "code": "AE",
    "code3": "ARE",
    "number": 784,
    "lat": 24,
    "long": 54
  },
  {
    "name": "United Kingdom",
    "code": "GB",
    "code3": "GBR",
    "number": 826,
    "lat": 54,
    "long": -2
  },
  {
    "name": "United States",
    "code": "US",
    "code3": "USA",
    "number": 840,
    "lat": 38,
    "long": -97
  },
  {
    "name": "United States Minor Outlying Islands",
    "code": "UM",
    "code3": "UMI",
    "number": 581,
    "lat": 19.2833,
    "long": 166.6
  },
  {
    "name": "Uruguay",
    "code": "UY",
    "code3": "URY",
    "number": 858,
    "lat": -33,
    "long": -56
  },
  {
    "name": "Uzbekistan",
    "code": "UZ",
    "code3": "UZB",
    "number": 860,
    "lat": 41,
    "long": 64
  },
  {
    "name": "Vanuatu",
    "code": "VU",
    "code3": "VUT",
    "number": 548,
    "lat": -16,
    "long": 167
  },
  {
    "name": "Venezuela, Bolivarian Republic of",
    "code": "VE",
    "code3": "VEN",
    "number": 862,
    "lat": 8,
    "long": -66
  },
  {
    "name": "Venezuela",
    "code": "VE",
    "code3": "VEN",
    "number": 862,
    "lat": 8,
    "long": -66
  },
  {
    "name": "Viet Nam",
    "code": "VN",
    "code3": "VNM",
    "number": 704,
    "lat": 16,
    "long": 106
  },
  {
    "name": "Vietnam",
    "code": "VN",
    "code3": "VNM",
    "number": 704,
    "lat": 16,
    "long": 106
  },
  {
    "name": "Virgin Islands, British",
    "code": "VG",
    "code3": "VGB",
    "number": 92,
    "lat": 18.5,
    "long": -64.5
  },
  {
    "name": "Virgin Islands, U.S.",
    "code": "VI",
    "code3": "VIR",
    "number": 850,
    "lat": 18.3333,
    "long": -64.8333
  },
  {
    "name": "Wallis and Futuna",
    "code": "WF",
    "code3": "WLF",
    "number": 876,
    "lat": -13.3,
    "long": -176.2
  },
  {
    "name": "Western Sahara",
    "code": "EH",
    "code3": "ESH",
    "number": 732,
    "lat": 24.5,
    "long": -13
  },
  {
    "name": "Yemen",
    "code": "YE",
    "code3": "YEM",
    "number": 887,
    "lat": 15,
    "long": 48
  },
  {
    "name": "Zambia",
    "code": "ZM",
    "code3": "ZMB",
    "number": 894,
    "lat": -15,
    "long": 30
  },
  {
    "name": "Zimbabwe",
    "code": "ZW",
    "code3": "ZWE",
    "number": 716,
    "lat": -20,
    "long": 30
  }
]
